name,precision,recall,f1
apomp,0.9729974685581153,0.9428243618385737,0.9576733105436047
kraken2,0.8521549555489675,0.9203752548870724,0.8849522900077686
