name,precision,recall,f1
apomp_previous,0.9560446642420813,0.9999839700643006,0.9775208012193551
apomp_plasmid_refactor,0.9741716558336315,0.876191235581071,0.9225873159835519
kraken2,0.8585062555393198,0.9657655952748533,0.9089827314477081
diamond_meganlr,0.5012628342847824,0.6696839853584976,0.5733611244244105
